{"mean":{"confidence_interval":{"confidence_level":0.95,"lower_bound":16875.956866447817,"upper_bound":17432.091928809135},"point_estimate":17154.716113988765,"standard_error":141.99166068470578},"median":{"confidence_interval":{"confidence_level":0.95,"lower_bound":16733.204645818314,"upper_bound":17537.434957388203},"point_estimate":17047.869888763,"standard_error":255.26155526421744},"median_abs_dev":{"confidence_interval":{"confidence_level":0.95,"lower_bound":291.4082340330581,"upper_bound":1085.466300450047},"point_estimate":645.5294062540559,"standard_error":195.77536510091997},"slope":{"confidence_interval":{"confidence_level":0.95,"lower_bound":17105.969146017007,"upper_bound":17683.49719708426},"point_estimate":17427.861640821062,"standard_error":149.04478629632618},"std_dev":{"confidence_interval":{"confidence_level":0.95,"lower_bound":482.65473271419626,"upper_bound":769.8220502307482},"point_estimate":651.6128037418292,"standard_error":73.52210951908569}}