{"mean":{"confidence_interval":{"confidence_level":0.95,"lower_bound":0.0009960236857584014,"upper_bound":0.0057465087138123426},"point_estimate":0.0030287045732619866,"standard_error":0.0012291709597023958},"median":{"confidence_interval":{"confidence_level":0.95,"lower_bound":0.00028884256503847183,"upper_bound":0.006236412993100515},"point_estimate":0.002430980532297511,"standard_error":0.0013243461394888414}}