{"mean":{"confidence_interval":{"confidence_level":0.95,"lower_bound":463459165.02562505,"upper_bound":466925694.201875},"point_estimate":465173696.95,"standard_error":885109.8956076996},"median":{"confidence_interval":{"confidence_level":0.95,"lower_bound":462810700.25,"upper_bound":467324120.0},"point_estimate":465211840.75,"standard_error":1107783.0964094202},"median_abs_dev":{"confidence_interval":{"confidence_level":0.95,"lower_bound":1896892.1505734324,"upper_bound":6977347.1323773265},"point_estimate":4418452.225206792,"standard_error":1318811.8862399578},"slope":null,"std_dev":{"confidence_interval":{"confidence_level":0.95,"lower_bound":2883457.98902372,"upper_bound":4888359.1065181205},"point_estimate":4055769.6148992097,"standard_error":513952.88294754055}}