{"mean":{"confidence_interval":{"confidence_level":0.95,"lower_bound":12324516.059619049,"upper_bound":12427872.61811098},"point_estimate":12372279.050248679,"standard_error":26524.48253828752},"median":{"confidence_interval":{"confidence_level":0.95,"lower_bound":12309812.142857144,"upper_bound":12433834.296296297},"point_estimate":12335490.633333333,"standard_error":33935.46295450608},"median_abs_dev":{"confidence_interval":{"confidence_level":0.95,"lower_bound":13635.514317920086,"upper_bound":142143.00238245758},"point_estimate":46100.247746556626,"standard_error":34897.338624963},"slope":{"confidence_interval":{"confidence_level":0.95,"lower_bound":12319595.57452381,"upper_bound":12411327.155266015},"point_estimate":12357840.453679653,"standard_error":24108.963934473337},"std_dev":{"confidence_interval":{"confidence_level":0.95,"lower_bound":32311.605257756662,"upper_bound":110486.5016907786},"point_estimate":88317.8278203241,"standard_error":18936.71247936517}}