{"mean":{"confidence_interval":{"confidence_level":0.95,"lower_bound":29369.234305386974,"upper_bound":30508.259699259386},"point_estimate":29949.711366666033,"standard_error":290.5901536584981},"median":{"confidence_interval":{"confidence_level":0.95,"lower_bound":29287.75246616995,"upper_bound":30899.788724670983},"point_estimate":29807.134269897637,"standard_error":475.4358917570007},"median_abs_dev":{"confidence_interval":{"confidence_level":0.95,"lower_bound":494.2740575614915,"upper_bound":2125.512966688309},"point_estimate":1530.513628102658,"standard_error":423.4969386191912},"slope":{"confidence_interval":{"confidence_level":0.95,"lower_bound":28654.251938022047,"upper_bound":29862.108188355785},"point_estimate":29257.28231811039,"standard_error":308.30963744163466},"std_dev":{"confidence_interval":{"confidence_level":0.95,"lower_bound":899.8877081342873,"upper_bound":1656.2562061004253},"point_estimate":1338.5502334294474,"standard_error":193.3895551016248}}