{"mean":{"confidence_interval":{"confidence_level":0.95,"lower_bound":-0.006374876401919823,"upper_bound":0.000406354884906888},"point_estimate":-0.003165435002238981,"standard_error":0.0017506972053443742},"median":{"confidence_interval":{"confidence_level":0.95,"lower_bound":-0.008050064435925486,"upper_bound":-0.0006728953821408812},"point_estimate":-0.005125409679299864,"standard_error":0.001878579926870841}}