{"mean":{"confidence_interval":{"confidence_level":0.95,"lower_bound":293924705.17604166,"upper_bound":297636513.0152083},"point_estimate":295786358.325,"standard_error":946574.8919355342},"median":{"confidence_interval":{"confidence_level":0.95,"lower_bound":292677826.4166666,"upper_bound":298645270.8333333},"point_estimate":295994197.9166666,"standard_error":1341097.7826062962},"median_abs_dev":{"confidence_interval":{"confidence_level":0.95,"lower_bound":2321844.221279025,"upper_bound":6838175.055866816},"point_estimate":5170701.212851703,"standard_error":1140272.9939118803},"slope":null,"std_dev":{"confidence_interval":{"confidence_level":0.95,"lower_bound":3119987.924703575,"upper_bound":5252169.019297805},"point_estimate":4355833.613924823,"standard_error":544756.4242395407}}