{"mean":{"confidence_interval":{"confidence_level":0.95,"lower_bound":70663025.97339694,"upper_bound":71746041.86393893},"point_estimate":71217152.09488866,"standard_error":277027.52800013864},"median":{"confidence_interval":{"confidence_level":0.95,"lower_bound":70503813.29166666,"upper_bound":72218826.16319445},"point_estimate":71480485.36153847,"standard_error":546202.6175033755},"median_abs_dev":{"confidence_interval":{"confidence_level":0.95,"lower_bound":373610.61311420664,"upper_bound":2135767.019035807},"point_estimate":1363970.2521540301,"standard_error":446106.8234011376},"slope":{"confidence_interval":{"confidence_level":0.95,"lower_bound":71033782.28684211,"upper_bound":72011514.79392245},"point_estimate":71535049.1097561,"standard_error":251065.6630096159},"std_dev":{"confidence_interval":{"confidence_level":0.95,"lower_bound":906209.0654261248,"upper_bound":1517958.0636117405},"point_estimate":1268315.9359091022,"standard_error":156366.7585163943}}