{"mean":{"confidence_interval":{"confidence_level":0.95,"lower_bound":32527.595292174406,"upper_bound":33851.565504784856},"point_estimate":33201.19326035924,"standard_error":336.91907205125807},"median":{"confidence_interval":{"confidence_level":0.95,"lower_bound":32240.024259160924,"upper_bound":34018.97752499729},"point_estimate":33248.53486365295,"standard_error":455.98722324156387},"median_abs_dev":{"confidence_interval":{"confidence_level":0.95,"lower_bound":704.098998570444,"upper_bound":2454.1942746852824},"point_estimate":1534.3467854745427,"standard_error":432.9496532900628},"slope":{"confidence_interval":{"confidence_level":0.95,"lower_bound":32592.5093113848,"upper_bound":33674.94947271021},"point_estimate":33083.717606037964,"standard_error":276.47071762042043},"std_dev":{"confidence_interval":{"confidence_level":0.95,"lower_bound":1044.1648788770344,"upper_bound":1913.8600286666508},"point_estimate":1547.2329663769397,"standard_error":222.97599507663833}}