{"mean":{"confidence_interval":{"confidence_level":0.95,"lower_bound":29740.51424618181,"upper_bound":31265.498021079868},"point_estimate":30529.160038604005,"standard_error":387.56862034010106},"median":{"confidence_interval":{"confidence_level":0.95,"lower_bound":29691.346822341286,"upper_bound":31335.41029577575},"point_estimate":30727.626691266913,"standard_error":362.7749593082339},"median_abs_dev":{"confidence_interval":{"confidence_level":0.95,"lower_bound":482.9891773947025,"upper_bound":2725.95800524279},"point_estimate":1536.3885063927833,"standard_error":534.5521938722716},"slope":{"confidence_interval":{"confidence_level":0.95,"lower_bound":30409.677244163926,"upper_bound":32030.75158485819},"point_estimate":31249.881426763848,"standard_error":417.7565132864039},"std_dev":{"confidence_interval":{"confidence_level":0.95,"lower_bound":1108.2286232991298,"upper_bound":2296.566481065264},"point_estimate":1783.670185479197,"standard_error":308.62743387316374}}