{"mean":{"confidence_interval":{"confidence_level":0.95,"lower_bound":-0.012051935005302383,"upper_bound":0.00011223132078460407},"point_estimate":-0.006074083334035807,"standard_error":0.003107045401944306},"median":{"confidence_interval":{"confidence_level":0.95,"lower_bound":-0.013864397166148512,"upper_bound":-0.0003807349364325363},"point_estimate":-0.008673156584471209,"standard_error":0.003568172369993373}}