{"mean":{"confidence_interval":{"confidence_level":0.95,"lower_bound":127267028.1328125,"upper_bound":128753888.961875},"point_estimate":127980301.175,"standard_error":380722.12230729783},"median":{"confidence_interval":{"confidence_level":0.95,"lower_bound":127039397.25,"upper_bound":128311404.0},"point_estimate":127918302.5,"standard_error":348485.5739310209},"median_abs_dev":{"confidence_interval":{"confidence_level":0.95,"lower_bound":473510.1850435138,"upper_bound":2176915.4407270253},"point_estimate":1236668.1432947516,"standard_error":443247.0887552817},"slope":null,"std_dev":{"confidence_interval":{"confidence_level":0.95,"lower_bound":1017141.3745844144,"upper_bound":2225268.6244459217},"point_estimate":1750310.0030436697,"standard_error":305821.5557818545}}