{"mean":{"confidence_interval":{"confidence_level":0.95,"lower_bound":34161.59136834333,"upper_bound":34733.502966079875},"point_estimate":34451.73306329279,"standard_error":146.24577936906465},"median":{"confidence_interval":{"confidence_level":0.95,"lower_bound":34116.043391952175,"upper_bound":34911.71800719307},"point_estimate":34378.1177725149,"standard_error":187.1037984203772},"median_abs_dev":{"confidence_interval":{"confidence_level":0.95,"lower_bound":291.18578837666087,"upper_bound":1036.8327056006412},"point_estimate":682.0109115023928,"standard_error":197.5327485296988},"slope":{"confidence_interval":{"confidence_level":0.95,"lower_bound":34231.5531971802,"upper_bound":34811.47042783345},"point_estimate":34499.40483609681,"standard_error":147.62571442705948},"std_dev":{"confidence_interval":{"confidence_level":0.95,"lower_bound":465.5164534611907,"upper_bound":833.6763116156715},"point_estimate":674.3726641425329,"standard_error":94.83108986442099}}