{"mean":{"confidence_interval":{"confidence_level":0.95,"lower_bound":1249.4386612832297,"upper_bound":1262.409072881559},"point_estimate":1255.8885523994736,"standard_error":3.30901123225355},"median":{"confidence_interval":{"confidence_level":0.95,"lower_bound":1246.270509126616,"upper_bound":1264.1474987536544},"point_estimate":1252.562394962778,"standard_error":5.701991490913686},"median_abs_dev":{"confidence_interval":{"confidence_level":0.95,"lower_bound":9.348230000697912,"upper_bound":25.64970807162294},"point_estimate":18.406329086282046,"standard_error":3.9203322087701267},"slope":{"confidence_interval":{"confidence_level":0.95,"lower_bound":1241.8756619972778,"upper_bound":1254.936572424565},"point_estimate":1248.0064784427843,"standard_error":3.364789196346887},"std_dev":{"confidence_interval":{"confidence_level":0.95,"lower_bound":11.55053559496937,"upper_bound":17.533556665486994},"point_estimate":15.202306657176992,"standard_error":1.5249785735105545}}