{"mean":{"confidence_interval":{"confidence_level":0.95,"lower_bound":-0.00695823357698532,"upper_bound":-0.00018870724125361938},"point_estimate":-0.0032934775557618146,"standard_error":0.0017340278491337698},"median":{"confidence_interval":{"confidence_level":0.95,"lower_bound":-0.007091814574704203,"upper_bound":0.001027068156163935},"point_estimate":-0.0008811865225778481,"standard_error":0.001963272746587157}}