{"mean":{"confidence_interval":{"confidence_level":0.95,"lower_bound":47069.26650990107,"upper_bound":47858.862326375995},"point_estimate":47467.37764365335,"standard_error":201.86543263261024},"median":{"confidence_interval":{"confidence_level":0.95,"lower_bound":47117.98032774213,"upper_bound":47944.93401773982},"point_estimate":47370.64822770309,"standard_error":203.49174851211004},"median_abs_dev":{"confidence_interval":{"confidence_level":0.95,"lower_bound":301.22474083368775,"upper_bound":1315.119643279755},"point_estimate":800.4908669152568,"standard_error":255.46231742888608},"slope":{"confidence_interval":{"confidence_level":0.95,"lower_bound":47173.01561522628,"upper_bound":47863.29897865095},"point_estimate":47493.196031491665,"standard_error":175.33827178886614},"std_dev":{"confidence_interval":{"confidence_level":0.95,"lower_bound":586.8668132324676,"upper_bound":1173.4502924443473},"point_estimate":926.1186829094427,"standard_error":150.65351001142812}}