{"mean":{"confidence_interval":{"confidence_level":0.95,"lower_bound":192776302.01125,"upper_bound":194547088.69041666},"point_estimate":193614013.06666666,"standard_error":451988.0541881732},"median":{"confidence_interval":{"confidence_level":0.95,"lower_bound":192463807.5,"upper_bound":193924433.8333333},"point_estimate":192883478.66666666,"standard_error":467376.0521495447},"median_abs_dev":{"confidence_interval":{"confidence_level":0.95,"lower_bound":608823.7487912178,"upper_bound":2895260.517498851},"point_estimate":1339052.6674270704,"standard_error":557657.2613506553},"slope":null,"std_dev":{"confidence_interval":{"confidence_level":0.95,"lower_bound":1207644.1177910452,"upper_bound":2614838.8522629323},"point_estimate":2068219.312395888,"standard_error":358058.23367483035}}