{"mean":{"confidence_interval":{"confidence_level":0.95,"lower_bound":476944804.18708336,"upper_bound":499291783.13499993},"point_estimate":487228454.1999999,"standard_error":5714060.734304302},"median":{"confidence_interval":{"confidence_level":0.95,"lower_bound":467869659.8333334,"upper_bound":498200805.6666666},"point_estimate":484405826.3333334,"standard_error":7821977.243445836},"median_abs_dev":{"confidence_interval":{"confidence_level":0.95,"lower_bound":10001279.659941852,"upper_bound":33902901.71670315},"point_estimate":25954497.932815522,"standard_error":6102101.986105454},"slope":null,"std_dev":{"confidence_interval":{"confidence_level":0.95,"lower_bound":15044675.346183935,"upper_bound":36749998.35618223},"point_estimate":26170009.239018615,"standard_error":6206558.85614608}}