{"mean":{"confidence_interval":{"confidence_level":0.95,"lower_bound":333390.86720906687,"upper_bound":337787.26121802407},"point_estimate":335635.0686317443,"standard_error":1132.243484765819},"median":{"confidence_interval":{"confidence_level":0.95,"lower_bound":333017.9970793912,"upper_bound":338145.09132315055},"point_estimate":335620.01270396274,"standard_error":1315.7244013580098},"median_abs_dev":{"confidence_interval":{"confidence_level":0.95,"lower_bound":2325.2486285088307,"upper_bound":8509.446546727555},"point_estimate":5518.581980557028,"standard_error":1657.8097274440297},"slope":{"confidence_interval":{"confidence_level":0.95,"lower_bound":335171.1292013599,"upper_bound":339512.73988131643},"point_estimate":337487.2321361565,"standard_error":1114.9329706401618},"std_dev":{"confidence_interval":{"confidence_level":0.95,"lower_bound":3510.3694545406847,"upper_bound":6532.860803580864},"point_estimate":5190.300759461777,"standard_error":779.8988962269523}}