{"mean":{"confidence_interval":{"confidence_level":0.95,"lower_bound":0.0019235654702452597,"upper_bound":0.011929246151806194},"point_estimate":0.006781738880822452,"standard_error":0.0026030821801297046},"median":{"confidence_interval":{"confidence_level":0.95,"lower_bound":-0.0005203682310594981,"upper_bound":0.013518690106598452},"point_estimate":0.009263430855124932,"standard_error":0.003874071156643371}}