{"mean":{"confidence_interval":{"confidence_level":0.95,"lower_bound":40474375.576717414,"upper_bound":40610475.99099195},"point_estimate":40544700.38432117,"standard_error":34841.446943300674},"median":{"confidence_interval":{"confidence_level":0.95,"lower_bound":40512532.29305556,"upper_bound":40655033.860526316},"point_estimate":40575554.23229167,"standard_error":44497.610336565056},"median_abs_dev":{"confidence_interval":{"confidence_level":0.95,"lower_bound":62952.359613654444,"upper_bound":264185.35415977053},"point_estimate":122904.20339415994,"standard_error":52286.62986998449},"slope":{"confidence_interval":{"confidence_level":0.95,"lower_bound":40472673.145163946,"upper_bound":40592100.65621452},"point_estimate":40534211.78902439,"standard_error":30224.651150889225},"std_dev":{"confidence_interval":{"confidence_level":0.95,"lower_bound":106829.57542341332,"upper_bound":196642.25740505918},"point_estimate":160685.6488525238,"standard_error":22830.362268009976}}