{"mean":{"confidence_interval":{"confidence_level":0.95,"lower_bound":390473329.8534375,"upper_bound":406719451.9184375},"point_estimate":398314411.9875,"standard_error":4146270.3985666465},"median":{"confidence_interval":{"confidence_level":0.95,"lower_bound":387049635.375,"upper_bound":403701291.75},"point_estimate":393764239.625,"standard_error":5015559.95348178},"median_abs_dev":{"confidence_interval":{"confidence_level":0.95,"lower_bound":7365556.6692352295,"upper_bound":25858026.14092827},"point_estimate":14732673.218967766,"standard_error":4674447.462401709},"slope":null,"std_dev":{"confidence_interval":{"confidence_level":0.95,"lower_bound":11641076.07149458,"upper_bound":24085216.455491893},"point_estimate":18994112.468576808,"standard_error":3159982.752555498}}