{"mean":{"confidence_interval":{"confidence_level":0.95,"lower_bound":0.024680000829803945,"upper_bound":0.055277900073020136},"point_estimate":0.03949471361022949,"standard_error":0.007922641223524634},"median":{"confidence_interval":{"confidence_level":0.95,"lower_bound":0.022277512972763258,"upper_bound":0.04996116499442027},"point_estimate":0.04284694252848542,"standard_error":0.008634515919737667}}