{"mean":{"confidence_interval":{"confidence_level":0.95,"lower_bound":0.008536584668707799,"upper_bound":0.02264673955462869},"point_estimate":0.015212236331807016,"standard_error":0.0037194718758974043},"median":{"confidence_interval":{"confidence_level":0.95,"lower_bound":0.005449146821571382,"upper_bound":0.030398285704964945},"point_estimate":0.011808699798216304,"standard_error":0.0057849009694968785}}