{"mean":{"confidence_interval":{"confidence_level":0.95,"lower_bound":135623.58293768403,"upper_bound":136998.84258093027},"point_estimate":136313.91568111052,"standard_error":351.5076814429962},"median":{"confidence_interval":{"confidence_level":0.95,"lower_bound":135481.5753605769,"upper_bound":137324.84872377623},"point_estimate":136266.97858430631,"standard_error":440.9830536278721},"median_abs_dev":{"confidence_interval":{"confidence_level":0.95,"lower_bound":857.3907787993385,"upper_bound":2597.0706547980426},"point_estimate":1937.9520440559984,"standard_error":442.798352606891},"slope":{"confidence_interval":{"confidence_level":0.95,"lower_bound":136076.08221578164,"upper_bound":137343.30550888996},"point_estimate":136741.73268560707,"standard_error":322.7297258479103},"std_dev":{"confidence_interval":{"confidence_level":0.95,"lower_bound":1146.9521904398512,"upper_bound":1939.3134195708142},"point_estimate":1609.5265792192567,"standard_error":202.78343556670066}}