{"mean":{"confidence_interval":{"confidence_level":0.95,"lower_bound":22907172.675237864,"upper_bound":23115574.88871887},"point_estimate":23012668.631361514,"standard_error":53379.608826193275},"median":{"confidence_interval":{"confidence_level":0.95,"lower_bound":22860729.779352225,"upper_bound":23170442.29761905},"point_estimate":23040045.634920634,"standard_error":81361.39136035142},"median_abs_dev":{"confidence_interval":{"confidence_level":0.95,"lower_bound":121542.31034218897,"upper_bound":398121.1869065224},"point_estimate":269868.2033955494,"standard_error":76697.96473136146},"slope":{"confidence_interval":{"confidence_level":0.95,"lower_bound":23007160.45412405,"upper_bound":23219060.119778913},"point_estimate":23117280.335639622,"standard_error":54100.148933947814},"std_dev":{"confidence_interval":{"confidence_level":0.95,"lower_bound":180899.68276252077,"upper_bound":287417.23428042635},"point_estimate":245013.15330547126,"standard_error":27177.88871065674}}