{"mean":{"confidence_interval":{"confidence_level":0.95,"lower_bound":100182674.39700001,"upper_bound":102552643.81574999},"point_estimate":101299283.85999998,"standard_error":606642.0867370011},"median":{"confidence_interval":{"confidence_level":0.95,"lower_bound":99194387.4,"upper_bound":102509556.0},"point_estimate":100556954.1,"standard_error":712563.5573075018},"median_abs_dev":{"confidence_interval":{"confidence_level":0.95,"lower_bound":981870.513328305,"upper_bound":3952646.3709264994},"point_estimate":2567565.7448565937,"standard_error":736737.0504805833},"slope":null,"std_dev":{"confidence_interval":{"confidence_level":0.95,"lower_bound":1746319.0878441092,"upper_bound":3550707.414232857},"point_estimate":2785469.1868666867,"standard_error":468788.4831139365}}