{"mean":{"confidence_interval":{"confidence_level":0.95,"lower_bound":35026.937654996815,"upper_bound":37094.25163367032},"point_estimate":36100.08195883587,"standard_error":527.9582379027177},"median":{"confidence_interval":{"confidence_level":0.95,"lower_bound":34449.83822327951,"upper_bound":37740.993204099825},"point_estimate":36884.44721055089,"standard_error":926.7305318255235},"median_abs_dev":{"confidence_interval":{"confidence_level":0.95,"lower_bound":1033.9643607733647,"upper_bound":3559.693859878786},"point_estimate":2881.249445920561,"standard_error":697.808101577477},"slope":{"confidence_interval":{"confidence_level":0.95,"lower_bound":34966.327517371756,"upper_bound":36864.32694361957},"point_estimate":35831.35106152217,"standard_error":482.8727720182388},"std_dev":{"confidence_interval":{"confidence_level":0.95,"lower_bound":1681.929766770389,"upper_bound":3005.4003851841044},"point_estimate":2420.4553504308356,"standard_error":345.4973328795761}}