{"mean":{"confidence_interval":{"confidence_level":0.95,"lower_bound":417730.94631547213,"upper_bound":454378.272637422},"point_estimate":434363.22516746185,"standard_error":9430.35839080169},"median":{"confidence_interval":{"confidence_level":0.95,"lower_bound":407696.34902597405,"upper_bound":442544.4710394385},"point_estimate":423461.16441761365,"standard_error":8400.342300375078},"median_abs_dev":{"confidence_interval":{"confidence_level":0.95,"lower_bound":13686.430914104976,"upper_bound":45223.700028769876},"point_estimate":34129.062211588054,"standard_error":8185.742998688812},"slope":{"confidence_interval":{"confidence_level":0.95,"lower_bound":418134.77205191774,"upper_bound":448034.9122733785},"point_estimate":431776.36601005704,"standard_error":7622.661101616371},"std_dev":{"confidence_interval":{"confidence_level":0.95,"lower_bound":19244.154533542114,"upper_bound":59202.84149263045},"point_estimate":43412.346342906865,"standard_error":10529.744519080461}}