{"mean":{"confidence_interval":{"confidence_level":0.95,"lower_bound":0.026666593578435118,"upper_bound":0.04479144449775152},"point_estimate":0.03524918212716699,"standard_error":0.004760457674553225},"median":{"confidence_interval":{"confidence_level":0.95,"lower_bound":0.025241541046283844,"upper_bound":0.04590275015299805},"point_estimate":0.03754150575905024,"standard_error":0.005169778553303405}}