{"mean":{"confidence_interval":{"confidence_level":0.95,"lower_bound":293534047.3795,"upper_bound":302682980.84925},"point_estimate":297890863.32,"standard_error":2337310.799845669},"median":{"confidence_interval":{"confidence_level":0.95,"lower_bound":292413041.7,"upper_bound":299877466.7},"point_estimate":294768054.1,"standard_error":1892622.0132690298},"median_abs_dev":{"confidence_interval":{"confidence_level":0.95,"lower_bound":2956261.2038558368,"upper_bound":13481207.282400737},"point_estimate":5842203.728780194,"standard_error":3032759.6974924197},"slope":null,"std_dev":{"confidence_interval":{"confidence_level":0.95,"lower_bound":6258016.199354601,"upper_bound":13526768.282115016},"point_estimate":10688870.997612141,"standard_error":1844202.6084113438}}