{"mean":{"confidence_interval":{"confidence_level":0.95,"lower_bound":378058512.3175,"upper_bound":384942860.155625},"point_estimate":381369383.3,"standard_error":1760186.8912812169},"median":{"confidence_interval":{"confidence_level":0.95,"lower_bound":376653754.25,"upper_bound":383603691.0},"point_estimate":380466173.25,"standard_error":1689477.6772003649},"median_abs_dev":{"confidence_interval":{"confidence_level":0.95,"lower_bound":2866548.115758598,"upper_bound":12719917.548376322},"point_estimate":7241867.430581152,"standard_error":2352087.5707309525},"slope":null,"std_dev":{"confidence_interval":{"confidence_level":0.95,"lower_bound":4979757.277437391,"upper_bound":10247164.101990674},"point_estimate":8080378.488957215,"standard_error":1347499.2035933363}}