{"mean":{"confidence_interval":{"confidence_level":0.95,"lower_bound":1610290511.4825,"upper_bound":1655175240.9},"point_estimate":1632319935.1,"standard_error":11510712.909921844},"median":{"confidence_interval":{"confidence_level":0.95,"lower_bound":1602880214.0,"upper_bound":1671671935.0},"point_estimate":1620181472.0,"standard_error":20106573.524350576},"median_abs_dev":{"confidence_interval":{"confidence_level":0.95,"lower_bound":6370010.060709715,"upper_bound":61013785.86908877},"point_estimate":43292930.36459684,"standard_error":15058257.403852198},"slope":null,"std_dev":{"confidence_interval":{"confidence_level":0.95,"lower_bound":23928501.628738422,"upper_bound":45746058.27647798},"point_estimate":38403726.87697862,"standard_error":5570039.918991289}}