{"mean":{"confidence_interval":{"confidence_level":0.95,"lower_bound":23136.830155705007,"upper_bound":23946.121630151465},"point_estimate":23521.616462454604,"standard_error":206.72436953354136},"median":{"confidence_interval":{"confidence_level":0.95,"lower_bound":22978.017404345006,"upper_bound":23761.853772929404},"point_estimate":23364.825905885213,"standard_error":212.16967887424056},"median_abs_dev":{"confidence_interval":{"confidence_level":0.95,"lower_bound":284.4354479543279,"upper_bound":1109.1481761229425},"point_estimate":632.1880561985978,"standard_error":218.72793413635625},"slope":{"confidence_interval":{"confidence_level":0.95,"lower_bound":23330.619311618346,"upper_bound":24619.328413849362},"point_estimate":23954.92902493255,"standard_error":335.2508717586039},"std_dev":{"confidence_interval":{"confidence_level":0.95,"lower_bound":517.6453396908666,"upper_bound":1254.5158078504976},"point_estimate":954.2950112831223,"standard_error":187.66514877942734}}