{"mean":{"confidence_interval":{"confidence_level":0.95,"lower_bound":35079.98994267313,"upper_bound":36074.16986795144},"point_estimate":35590.22705865561,"standard_error":253.78314379320963},"median":{"confidence_interval":{"confidence_level":0.95,"lower_bound":35063.703764643076,"upper_bound":36125.21474339369},"point_estimate":35931.63428695112,"standard_error":296.76100251542266},"median_abs_dev":{"confidence_interval":{"confidence_level":0.95,"lower_bound":383.1906495642897,"upper_bound":1787.8335653585157},"point_estimate":1172.2137422348483,"standard_error":356.30263095225985},"slope":{"confidence_interval":{"confidence_level":0.95,"lower_bound":35240.87084036984,"upper_bound":36213.22712135367},"point_estimate":35766.89516986383,"standard_error":249.6684819945974},"std_dev":{"confidence_interval":{"confidence_level":0.95,"lower_bound":794.7144618609557,"upper_bound":1419.0287638329194},"point_estimate":1170.1551086916313,"standard_error":158.98954556402524}}