{"mean":{"confidence_interval":{"confidence_level":0.95,"lower_bound":346442309.58399993,"upper_bound":357479457.26075},"point_estimate":351741513.34000003,"standard_error":2823298.171943066},"median":{"confidence_interval":{"confidence_level":0.95,"lower_bound":343122975.1,"upper_bound":358528487.6},"point_estimate":347537162.5,"standard_error":4110535.901943126},"median_abs_dev":{"confidence_interval":{"confidence_level":0.95,"lower_bound":5856862.936019897,"upper_bound":20211927.096746538},"point_estimate":12327182.449228738,"standard_error":3751213.0798997814},"slope":null,"std_dev":{"confidence_interval":{"confidence_level":0.95,"lower_bound":8793302.126929553,"upper_bound":15568365.913793052},"point_estimate":12900592.36233909,"standard_error":1723822.9924460275}}