{"mean":{"confidence_interval":{"confidence_level":0.95,"lower_bound":25661.115144215815,"upper_bound":26425.87635184516},"point_estimate":26048.401463050344,"standard_error":194.4739575031063},"median":{"confidence_interval":{"confidence_level":0.95,"lower_bound":25662.57631926334,"upper_bound":26389.612890707584},"point_estimate":26133.407577692633,"standard_error":179.0499366390174},"median_abs_dev":{"confidence_interval":{"confidence_level":0.95,"lower_bound":280.41774540040984,"upper_bound":1202.1867301955695},"point_estimate":698.0544113543315,"standard_error":250.02445252236592},"slope":{"confidence_interval":{"confidence_level":0.95,"lower_bound":25692.762753550815,"upper_bound":26227.521434198068},"point_estimate":26002.145295912964,"standard_error":136.06164341657885},"std_dev":{"confidence_interval":{"confidence_level":0.95,"lower_bound":560.3469270403992,"upper_bound":1137.8918294656032},"point_estimate":890.3990187087501,"standard_error":147.5573240129114}}