{"mean":{"confidence_interval":{"confidence_level":0.95,"lower_bound":7302.008029711718,"upper_bound":7370.098175685858},"point_estimate":7336.021161806067,"standard_error":17.439962935826035},"median":{"confidence_interval":{"confidence_level":0.95,"lower_bound":7294.200729081232,"upper_bound":7399.373030112189},"point_estimate":7322.471747291052,"standard_error":29.557861547487434},"median_abs_dev":{"confidence_interval":{"confidence_level":0.95,"lower_bound":32.26997075904636,"upper_bound":126.6996265888011},"point_estimate":107.50303512411018,"standard_error":23.789062877286362},"slope":{"confidence_interval":{"confidence_level":0.95,"lower_bound":7297.926497200267,"upper_bound":7362.955286407097},"point_estimate":7329.209492362286,"standard_error":16.685081694411465},"std_dev":{"confidence_interval":{"confidence_level":0.95,"lower_bound":59.56032560821807,"upper_bound":94.2370445036084},"point_estimate":80.05551500765466,"standard_error":8.870706652468503}}