{"mean":{"confidence_interval":{"confidence_level":0.95,"lower_bound":22744398.553990338,"upper_bound":23403126.09186553},"point_estimate":23072102.536163487,"standard_error":168448.4808831992},"median":{"confidence_interval":{"confidence_level":0.95,"lower_bound":22660835.236842103,"upper_bound":23616404.351190478},"point_estimate":22980692.976190478,"standard_error":320547.2054671711},"median_abs_dev":{"confidence_interval":{"confidence_level":0.95,"lower_bound":375463.08361753024,"upper_bound":1232013.3177023896},"point_estimate":942505.6678421767,"standard_error":224018.1428348154},"slope":{"confidence_interval":{"confidence_level":0.95,"lower_bound":22686276.816247504,"upper_bound":23683001.43485038},"point_estimate":23158127.163812842,"standard_error":258084.88325546356},"std_dev":{"confidence_interval":{"confidence_level":0.95,"lower_bound":568454.4867478659,"upper_bound":919596.6589117883},"point_estimate":771466.7843971577,"standard_error":89994.76431993592}}