{"mean":{"confidence_interval":{"confidence_level":0.95,"lower_bound":39.32684253710954,"upper_bound":39.98685140530848},"point_estimate":39.60430433375366,"standard_error":0.17169552206197025},"median":{"confidence_interval":{"confidence_level":0.95,"lower_bound":39.23892183978707,"upper_bound":39.73130885621915},"point_estimate":39.48245087775106,"standard_error":0.15791882435776947},"median_abs_dev":{"confidence_interval":{"confidence_level":0.95,"lower_bound":0.19657488638324416,"upper_bound":0.6479901453062717},"point_estimate":0.39256444811072855,"standard_error":0.11028160341135142},"slope":{"confidence_interval":{"confidence_level":0.95,"lower_bound":39.2518596165148,"upper_bound":39.569639619449624},"point_estimate":39.39971315769933,"standard_error":0.08158283823239264},"std_dev":{"confidence_interval":{"confidence_level":0.95,"lower_bound":0.30105953437268573,"upper_bound":1.2189389461801918},"point_estimate":0.784407934418468,"standard_error":0.2866428706832175}}