{"mean":{"confidence_interval":{"confidence_level":0.95,"lower_bound":1040190011.078125,"upper_bound":1082934180.9256248},"point_estimate":1060419702.075,"standard_error":10951490.712017164},"median":{"confidence_interval":{"confidence_level":0.95,"lower_bound":1025633416.5,"upper_bound":1074352927.0},"point_estimate":1053540760.25,"standard_error":13407107.40095121},"median_abs_dev":{"confidence_interval":{"confidence_level":0.95,"lower_bound":20296299.19256866,"upper_bound":67073008.13421607},"point_estimate":46360731.41923249,"standard_error":12503170.397872264},"slope":null,"std_dev":{"confidence_interval":{"confidence_level":0.95,"lower_bound":29495707.579349406,"upper_bound":65986786.002566546},"point_estimate":50204032.26298192,"standard_error":9620753.27030818}}