{"mean":{"confidence_interval":{"confidence_level":0.95,"lower_bound":342589439.80125,"upper_bound":345553958.111875},"point_estimate":344068381.475,"standard_error":756524.4222843581},"median":{"confidence_interval":{"confidence_level":0.95,"lower_bound":342409972.5,"upper_bound":345440439.25},"point_estimate":343444389.75,"standard_error":782658.3553571976},"median_abs_dev":{"confidence_interval":{"confidence_level":0.95,"lower_bound":1204222.554820776,"upper_bound":4955908.429715037},"point_estimate":2572541.1279782653,"standard_error":1050571.9208300437},"slope":null,"std_dev":{"confidence_interval":{"confidence_level":0.95,"lower_bound":2274489.809764148,"upper_bound":4383876.202908978},"point_estimate":3465097.741617158,"standard_error":543993.9297546902}}