{"mean":{"confidence_interval":{"confidence_level":0.95,"lower_bound":2.9947721070674733,"upper_bound":3.016328168534305},"point_estimate":3.0055343044126004,"standard_error":0.005495340023561264},"median":{"confidence_interval":{"confidence_level":0.95,"lower_bound":2.987715029700648,"upper_bound":3.0244588548303386},"point_estimate":3.0038882396240343,"standard_error":0.009456045462100887},"median_abs_dev":{"confidence_interval":{"confidence_level":0.95,"lower_bound":0.015437152112192586,"upper_bound":0.04111269983600317},"point_estimate":0.030737295473774375,"standard_error":0.006753568029004785},"slope":{"confidence_interval":{"confidence_level":0.95,"lower_bound":2.9994724064184166,"upper_bound":3.0237238277581606},"point_estimate":3.010867634074032,"standard_error":0.006205602400617014},"std_dev":{"confidence_interval":{"confidence_level":0.95,"lower_bound":0.018875812176867478,"upper_bound":0.029351201192019505},"point_estimate":0.025120461065996184,"standard_error":0.002675369574944113}}