{"mean":{"confidence_interval":{"confidence_level":0.95,"lower_bound":10132.29017752671,"upper_bound":11144.342022519417},"point_estimate":10662.143324635086,"standard_error":259.0329454958243},"median":{"confidence_interval":{"confidence_level":0.95,"lower_bound":10444.69055389316,"upper_bound":11270.658537386298},"point_estimate":11107.193396826146,"standard_error":234.63712992382028},"median_abs_dev":{"confidence_interval":{"confidence_level":0.95,"lower_bound":174.46964035707026,"upper_bound":1700.5432758650063},"point_estimate":693.9885405813169,"standard_error":414.6578638024203},"slope":{"confidence_interval":{"confidence_level":0.95,"lower_bound":9807.128266421416,"upper_bound":10932.615105179215},"point_estimate":10361.274569826173,"standard_error":286.7007058635283},"std_dev":{"confidence_interval":{"confidence_level":0.95,"lower_bound":749.9048403751381,"upper_bound":1468.4430733441498},"point_estimate":1196.4593550038974,"standard_error":182.2152124284794}}