{"mean":{"confidence_interval":{"confidence_level":0.95,"lower_bound":-0.0030931291994042314,"upper_bound":0.03548888725608478},"point_estimate":0.015386565434474031,"standard_error":0.00977839425397859},"median":{"confidence_interval":{"confidence_level":0.95,"lower_bound":-0.0004999468566511123,"upper_bound":0.029331601825739018},"point_estimate":0.01570609969654524,"standard_error":0.007577988359197033}}