{"mean":{"confidence_interval":{"confidence_level":0.95,"lower_bound":365626029.03333336,"upper_bound":367488083.2833333},"point_estimate":366527058.7,"standard_error":476592.3232595529},"median":{"confidence_interval":{"confidence_level":0.95,"lower_bound":365235158.5,"upper_bound":367700592.3333334},"point_estimate":366487079.3333334,"standard_error":639111.3489498259},"median_abs_dev":{"confidence_interval":{"confidence_level":0.95,"lower_bound":407810.3733599333,"upper_bound":2717224.229359612},"point_estimate":1605326.1400997934,"standard_error":602946.4840266802},"slope":null,"std_dev":{"confidence_interval":{"confidence_level":0.95,"lower_bound":862578.9326571878,"upper_bound":1986403.3025743952},"point_estimate":1587978.132625323,"standard_error":285698.6204178922}}