{"mean":{"confidence_interval":{"confidence_level":0.95,"lower_bound":80049785.11835834,"upper_bound":86526656.5726854},"point_estimate":82901157.70979457,"standard_error":1659928.9781671078},"median":{"confidence_interval":{"confidence_level":0.95,"lower_bound":78621459.53125,"upper_bound":84341349.50980392},"point_estimate":81184746.01984127,"standard_error":1333845.5353319943},"median_abs_dev":{"confidence_interval":{"confidence_level":0.95,"lower_bound":2299231.6064804792,"upper_bound":8210284.457771976},"point_estimate":6006402.645104871,"standard_error":1574499.1712002668},"slope":{"confidence_interval":{"confidence_level":0.95,"lower_bound":81386529.50789894,"upper_bound":92868412.66471359},"point_estimate":86275936.03832753,"standard_error":3116389.827563626},"std_dev":{"confidence_interval":{"confidence_level":0.95,"lower_bound":3507993.503121716,"upper_bound":11254402.801531803},"point_estimate":7639681.767138353,"standard_error":2263780.2184855486}}