{"mean":{"confidence_interval":{"confidence_level":0.95,"lower_bound":1085353893.5,"upper_bound":1118411162.95},"point_estimate":1100703547.9,"standard_error":8551488.477661181},"median":{"confidence_interval":{"confidence_level":0.95,"lower_bound":1082059478.5,"upper_bound":1124020547.0},"point_estimate":1093476106.5,"standard_error":8536950.499141179},"median_abs_dev":{"confidence_interval":{"confidence_level":0.95,"lower_bound":5428968.275016546,"upper_bound":44150079.23077941},"point_estimate":14964198.069432378,"standard_error":10048233.137581596},"slope":null,"std_dev":{"confidence_interval":{"confidence_level":0.95,"lower_bound":9956375.54260953,"upper_bound":36239121.11986607},"point_estimate":28427699.430288862,"standard_error":6695018.844288669}}