{"mean":{"confidence_interval":{"confidence_level":0.95,"lower_bound":121542890.75550002,"upper_bound":122413693.86850001},"point_estimate":121971136.99999997,"standard_error":222968.68234057445},"median":{"confidence_interval":{"confidence_level":0.95,"lower_bound":121275490.1,"upper_bound":122485997.9},"point_estimate":121884705.5,"standard_error":327882.4557106699},"median_abs_dev":{"confidence_interval":{"confidence_level":0.95,"lower_bound":479662.30776428734,"upper_bound":1490409.1242599422},"point_estimate":1180077.079909435,"standard_error":277663.27368193876},"slope":null,"std_dev":{"confidence_interval":{"confidence_level":0.95,"lower_bound":691347.79756473,"upper_bound":1282745.2112181457},"point_estimate":1024433.6669604962,"standard_error":152707.86540680175}}