{"mean":{"confidence_interval":{"confidence_level":0.95,"lower_bound":476.9009279627614,"upper_bound":480.7798615468224},"point_estimate":478.8130858193496,"standard_error":0.990763879602405},"median":{"confidence_interval":{"confidence_level":0.95,"lower_bound":476.03069410913366,"upper_bound":481.1947886660606},"point_estimate":478.6307710912363,"standard_error":1.3743633270097069},"median_abs_dev":{"confidence_interval":{"confidence_level":0.95,"lower_bound":2.5629258429815516,"upper_bound":7.037407113035804},"point_estimate":5.268497194949377,"standard_error":1.1891898318990708},"slope":{"confidence_interval":{"confidence_level":0.95,"lower_bound":478.2090999836712,"upper_bound":482.90164761036226},"point_estimate":480.68254842050374,"standard_error":1.1915592827607122},"std_dev":{"confidence_interval":{"confidence_level":0.95,"lower_bound":3.191731352438544,"upper_bound":5.612840722848417},"point_estimate":4.546008249389815,"standard_error":0.6234682294966354}}