{"mean":{"confidence_interval":{"confidence_level":0.95,"lower_bound":33604.11644684475,"upper_bound":35209.62710792613},"point_estimate":34416.167406224675,"standard_error":410.68073730742265},"median":{"confidence_interval":{"confidence_level":0.95,"lower_bound":33752.393608202445,"upper_bound":35177.753178758416},"point_estimate":34623.27086980584,"standard_error":373.74017218564416},"median_abs_dev":{"confidence_interval":{"confidence_level":0.95,"lower_bound":632.4761665850109,"upper_bound":3024.183651541456},"point_estimate":1731.8492217666221,"standard_error":636.0487546728341},"slope":{"confidence_interval":{"confidence_level":0.95,"lower_bound":33883.33665518703,"upper_bound":34820.364505053854},"point_estimate":34348.39675769682,"standard_error":237.88469359279148},"std_dev":{"confidence_interval":{"confidence_level":0.95,"lower_bound":1266.991865261457,"upper_bound":2337.355073996836},"point_estimate":1884.12288492354,"standard_error":273.9139515713827}}