{"mean":{"confidence_interval":{"confidence_level":0.95,"lower_bound":7849.141488913366,"upper_bound":8187.177918848586},"point_estimate":8009.026929662754,"standard_error":86.53198705358002},"median":{"confidence_interval":{"confidence_level":0.95,"lower_bound":7867.473150357995,"upper_bound":8151.836717459151},"point_estimate":7935.084037084634,"standard_error":76.92229019898673},"median_abs_dev":{"confidence_interval":{"confidence_level":0.95,"lower_bound":22.39192760136318,"upper_bound":503.58052159634474},"point_estimate":103.63572512172887,"standard_error":124.32586005260379},"slope":{"confidence_interval":{"confidence_level":0.95,"lower_bound":7894.917044562563,"upper_bound":8248.627506880594},"point_estimate":8018.2803349395235,"standard_error":94.29401536875118},"std_dev":{"confidence_interval":{"confidence_level":0.95,"lower_bound":113.21170299470673,"upper_bound":389.06089109254214},"point_estimate":288.58177090278474,"standard_error":72.28654520991614}}