{"mean":{"confidence_interval":{"confidence_level":0.95,"lower_bound":125961.56605549839,"upper_bound":127547.84033934372},"point_estimate":126807.351700594,"standard_error":403.28101133412866},"median":{"confidence_interval":{"confidence_level":0.95,"lower_bound":126567.68304045094,"upper_bound":127585.68207654415},"point_estimate":126831.59133510168,"standard_error":281.7695904209769},"median_abs_dev":{"confidence_interval":{"confidence_level":0.95,"lower_bound":336.66243772330563,"upper_bound":1922.4328862280852},"point_estimate":1118.0149134138778,"standard_error":412.8792196208294},"slope":{"confidence_interval":{"confidence_level":0.95,"lower_bound":126513.27896587088,"upper_bound":127494.84801758073},"point_estimate":126964.0753685339,"standard_error":250.4031268427303},"std_dev":{"confidence_interval":{"confidence_level":0.95,"lower_bound":920.5952015593778,"upper_bound":2610.9624763016795},"point_estimate":1856.007956942765,"standard_error":452.8576154980181}}