{"mean":{"confidence_interval":{"confidence_level":0.95,"lower_bound":630923509.1604166,"upper_bound":635874300.0924997},"point_estimate":633301500.6833333,"standard_error":1265977.4129244846},"median":{"confidence_interval":{"confidence_level":0.95,"lower_bound":630670180.3333333,"upper_bound":635852882.0},"point_estimate":633309632.0,"standard_error":1436112.0774629859},"median_abs_dev":{"confidence_interval":{"confidence_level":0.95,"lower_bound":2477856.9810093627,"upper_bound":8124452.1525619645},"point_estimate":4784947.602850199,"standard_error":1481385.7361676383},"slope":null,"std_dev":{"confidence_interval":{"confidence_level":0.95,"lower_bound":3620643.896275294,"upper_bound":7727073.347216015},"point_estimate":5808925.974387051,"standard_error":1101108.157929702}}