{"mean":{"confidence_interval":{"confidence_level":0.95,"lower_bound":-0.01141342479957382,"upper_bound":-0.0017141304181996363},"point_estimate":-0.006145141562137302,"standard_error":0.0025017519298087577},"median":{"confidence_interval":{"confidence_level":0.95,"lower_bound":-0.012277349446269792,"upper_bound":0.000055867620152527664},"point_estimate":-0.0024375270583097963,"standard_error":0.0029722198682488096}}