{"mean":{"confidence_interval":{"confidence_level":0.95,"lower_bound":63319472.39593562,"upper_bound":64009962.72415427},"point_estimate":63651053.56110177,"standard_error":176502.4427901259},"median":{"confidence_interval":{"confidence_level":0.95,"lower_bound":63177529.666666664,"upper_bound":63983798.914215684},"point_estimate":63500004.54487179,"standard_error":185159.64916192612},"median_abs_dev":{"confidence_interval":{"confidence_level":0.95,"lower_bound":230609.09424705053,"upper_bound":1272319.1788051487},"point_estimate":868812.1119550484,"standard_error":273969.13957958773},"slope":{"confidence_interval":{"confidence_level":0.95,"lower_bound":63090315.90542923,"upper_bound":63718222.87822614},"point_estimate":63373819.06655052,"standard_error":160492.0824643461},"std_dev":{"confidence_interval":{"confidence_level":0.95,"lower_bound":543311.3566385678,"upper_bound":1008767.123075387},"point_estimate":810688.4806842188,"standard_error":119420.20598197772}}