{"mean":{"confidence_interval":{"confidence_level":0.95,"lower_bound":32007.236337513288,"upper_bound":33048.03529399102},"point_estimate":32530.76021605935,"standard_error":265.9548983553731},"median":{"confidence_interval":{"confidence_level":0.95,"lower_bound":31831.871828850642,"upper_bound":33293.17467158992},"point_estimate":32703.827206443733,"standard_error":404.58872743371285},"median_abs_dev":{"confidence_interval":{"confidence_level":0.95,"lower_bound":728.4403355940923,"upper_bound":2025.3176098741783},"point_estimate":1330.6929462838623,"standard_error":328.677810198139},"slope":{"confidence_interval":{"confidence_level":0.95,"lower_bound":31583.31132690581,"upper_bound":33239.61934813325},"point_estimate":32414.282178570233,"standard_error":427.0458395341504},"std_dev":{"confidence_interval":{"confidence_level":0.95,"lower_bound":902.637711546121,"upper_bound":1436.8198477510625},"point_estimate":1218.716211094544,"standard_error":136.35777615091}}