{"mean":{"confidence_interval":{"confidence_level":0.95,"lower_bound":32938.67517243095,"upper_bound":34395.351934539314},"point_estimate":33696.81590596122,"standard_error":372.27780922963},"median":{"confidence_interval":{"confidence_level":0.95,"lower_bound":32803.69240778596,"upper_bound":34705.057492742606},"point_estimate":33885.64047145531,"standard_error":435.06922158539965},"median_abs_dev":{"confidence_interval":{"confidence_level":0.95,"lower_bound":685.107809578731,"upper_bound":2421.677163741546},"point_estimate":1583.0531475215296,"standard_error":434.59666309921187},"slope":{"confidence_interval":{"confidence_level":0.95,"lower_bound":33204.02486541985,"upper_bound":34402.1850083305},"point_estimate":33788.62499180687,"standard_error":305.3314212913434},"std_dev":{"confidence_interval":{"confidence_level":0.95,"lower_bound":1067.7577906583174,"upper_bound":2231.863503772698},"point_estimate":1706.2856409196454,"standard_error":307.4588227093097}}