{"mean":{"confidence_interval":{"confidence_level":0.95,"lower_bound":34201.456415826535,"upper_bound":35501.35316622446},"point_estimate":34863.01390874547,"standard_error":331.5150564945203},"median":{"confidence_interval":{"confidence_level":0.95,"lower_bound":33697.05513449224,"upper_bound":35922.15849867725},"point_estimate":34950.739101986735,"standard_error":554.8628197398119},"median_abs_dev":{"confidence_interval":{"confidence_level":0.95,"lower_bound":670.6473812880761,"upper_bound":2418.466475176243},"point_estimate":1866.3277059522388,"standard_error":418.4583612007254},"slope":{"confidence_interval":{"confidence_level":0.95,"lower_bound":34238.00308742741,"upper_bound":35403.89322152642},"point_estimate":34770.48464799029,"standard_error":296.87272457412024},"std_dev":{"confidence_interval":{"confidence_level":0.95,"lower_bound":1047.1282079865957,"upper_bound":1907.7990001377793},"point_estimate":1515.649579085051,"standard_error":224.1473055724018}}