{"mean":{"confidence_interval":{"confidence_level":0.95,"lower_bound":561278434.46,"upper_bound":572364901.3},"point_estimate":566352983.35,"standard_error":2837358.767906062},"median":{"confidence_interval":{"confidence_level":0.95,"lower_bound":558545345.0,"upper_bound":572424772.25},"point_estimate":563605447.25,"standard_error":3343945.187439857},"median_abs_dev":{"confidence_interval":{"confidence_level":0.95,"lower_bound":1605149.092952907,"upper_bound":15023839.359873533},"point_estimate":7503275.01014024,"standard_error":3301920.9841279504},"slope":null,"std_dev":{"confidence_interval":{"confidence_level":0.95,"lower_bound":4077999.403025063,"upper_bound":12581732.263190042},"point_estimate":9446917.741098505,"standard_error":2312302.3042416354}}