{"mean":{"confidence_interval":{"confidence_level":0.95,"lower_bound":457407.1603130254,"upper_bound":464223.6032938845},"point_estimate":460527.62364937755,"standard_error":1744.7883110348134},"median":{"confidence_interval":{"confidence_level":0.95,"lower_bound":454762.8620793269,"upper_bound":463316.7762419872},"point_estimate":460424.58451964706,"standard_error":2160.6303859910563},"median_abs_dev":{"confidence_interval":{"confidence_level":0.95,"lower_bound":2837.329032144816,"upper_bound":10479.399737751575},"point_estimate":7213.685752098479,"standard_error":1878.774808459423},"slope":{"confidence_interval":{"confidence_level":0.95,"lower_bound":455902.19693284965,"upper_bound":460653.24131545395},"point_estimate":458151.8438700527,"standard_error":1219.9522358321556},"std_dev":{"confidence_interval":{"confidence_level":0.95,"lower_bound":4387.203499421659,"upper_bound":11334.210912112963},"point_estimate":7984.007004549096,"standard_error":1971.5890643221912}}