{"mean":{"confidence_interval":{"confidence_level":0.95,"lower_bound":369307524.8960001,"upper_bound":395021818.8782499},"point_estimate":380487505.01,"standard_error":6630462.106265331},"median":{"confidence_interval":{"confidence_level":0.95,"lower_bound":362301716.7,"upper_bound":382549195.8},"point_estimate":375509820.9,"standard_error":6533610.8066953495},"median_abs_dev":{"confidence_interval":{"confidence_level":0.95,"lower_bound":6654903.209931868,"upper_bound":32370593.8229871},"point_estimate":19582334.93926404,"standard_error":6774094.938376881},"slope":null,"std_dev":{"confidence_interval":{"confidence_level":0.95,"lower_bound":12912760.217590025,"upper_bound":45551186.67832195},"point_estimate":30510668.549743347,"standard_error":9663330.64522558}}