{"mean":{"confidence_interval":{"confidence_level":0.95,"lower_bound":22.54683340563989,"upper_bound":22.75973775160602},"point_estimate":22.646315079603546,"standard_error":0.05447170479133919},"median":{"confidence_interval":{"confidence_level":0.95,"lower_bound":22.4635346249911,"upper_bound":22.742020852149707},"point_estimate":22.63583508331382,"standard_error":0.0679632431178568},"median_abs_dev":{"confidence_interval":{"confidence_level":0.95,"lower_bound":0.10790428905471873,"upper_bound":0.33144510739233757},"point_estimate":0.23875523592122905,"standard_error":0.0570951005005349},"slope":{"confidence_interval":{"confidence_level":0.95,"lower_bound":22.63405892357087,"upper_bound":22.856544573428067},"point_estimate":22.745073425683888,"standard_error":0.05703757422107914},"std_dev":{"confidence_interval":{"confidence_level":0.95,"lower_bound":0.14507625664340215,"upper_bound":0.3370786604593904},"point_estimate":0.24944788570340418,"standard_error":0.05199492462417437}}