{"mean":{"confidence_interval":{"confidence_level":0.95,"lower_bound":1821373.522374699,"upper_bound":1829085.9169991217},"point_estimate":1825096.4499129883,"standard_error":1976.0000678727126},"median":{"confidence_interval":{"confidence_level":0.95,"lower_bound":1818447.4981837608,"upper_bound":1829123.7164224666},"point_estimate":1824475.3087606838,"standard_error":3548.559424084852},"median_abs_dev":{"confidence_interval":{"confidence_level":0.95,"lower_bound":3587.904212103208,"upper_bound":14850.426621777457},"point_estimate":8936.83180268567,"standard_error":2959.187833980589},"slope":{"confidence_interval":{"confidence_level":0.95,"lower_bound":1819107.0537161308,"upper_bound":1826533.7441031751},"point_estimate":1822920.8525462341,"standard_error":1903.5032472357398},"std_dev":{"confidence_interval":{"confidence_level":0.95,"lower_bound":6213.291806433066,"upper_bound":10925.042520805644},"point_estimate":9050.281270176156,"standard_error":1201.5641996091238}}