{"mean":{"confidence_interval":{"confidence_level":0.95,"lower_bound":458627261.7166667,"upper_bound":468849236.6416667},"point_estimate":463325137.6666667,"standard_error":2634080.243186934},"median":{"confidence_interval":{"confidence_level":0.95,"lower_bound":457382638.8333333,"upper_bound":469659781.1666666},"point_estimate":460021519.6666666,"standard_error":3000007.5301941023},"median_abs_dev":{"confidence_interval":{"confidence_level":0.95,"lower_bound":1036350.7250010967,"upper_bound":13443202.46293536},"point_estimate":4948755.379042,"standard_error":3110914.4167749165},"slope":null,"std_dev":{"confidence_interval":{"confidence_level":0.95,"lower_bound":2468735.999908204,"upper_bound":10828585.4792973},"point_estimate":8734325.024337225,"standard_error":2061204.2060316536}}