{"mean":{"confidence_interval":{"confidence_level":0.95,"lower_bound":453785692.09281254,"upper_bound":480869229.1609375},"point_estimate":466399512.5,"standard_error":6932472.212018533},"median":{"confidence_interval":{"confidence_level":0.95,"lower_bound":456417151.0,"upper_bound":465506546.875},"point_estimate":460717687.5,"standard_error":2650245.41470545},"median_abs_dev":{"confidence_interval":{"confidence_level":0.95,"lower_bound":4321539.483377337,"upper_bound":28275328.11748758},"point_estimate":13456764.546194673,"standard_error":7595055.778776611},"slope":null,"std_dev":{"confidence_interval":{"confidence_level":0.95,"lower_bound":14803323.33961971,"upper_bound":43280496.86063292},"point_estimate":31817149.969957758,"standard_error":7373035.418983401}}