{"mean":{"confidence_interval":{"confidence_level":0.95,"lower_bound":16835.18273629213,"upper_bound":18206.136568455346},"point_estimate":17585.90954300724,"standard_error":352.36082587726054},"median":{"confidence_interval":{"confidence_level":0.95,"lower_bound":17124.438802865727,"upper_bound":18368.566623815575},"point_estimate":18089.22857638086,"standard_error":339.7386598875376},"median_abs_dev":{"confidence_interval":{"confidence_level":0.95,"lower_bound":330.0057275130806,"upper_bound":1727.771992058687},"point_estimate":1194.0034712981571,"standard_error":353.6128041306531},"slope":{"confidence_interval":{"confidence_level":0.95,"lower_bound":16015.45696460486,"upper_bound":17743.59728239154},"point_estimate":16986.947314931203,"standard_error":447.03999350916376},"std_dev":{"confidence_interval":{"confidence_level":0.95,"lower_bound":761.5534863347252,"upper_bound":2321.365059665247},"point_estimate":1621.960935302909,"standard_error":435.36013557533477}}