{"mean":{"confidence_interval":{"confidence_level":0.95,"lower_bound":362139178.7,"upper_bound":366825218.708125},"point_estimate":364159225.225,"standard_error":1207895.7972207628},"median":{"confidence_interval":{"confidence_level":0.95,"lower_bound":361698014.25,"upper_bound":364168314.5},"point_estimate":363066034.5,"standard_error":644995.2049225499},"median_abs_dev":{"confidence_interval":{"confidence_level":0.95,"lower_bound":1096126.932039857,"upper_bound":5154901.515582204},"point_estimate":2804424.582311511,"standard_error":1029335.4011418036},"slope":null,"std_dev":{"confidence_interval":{"confidence_level":0.95,"lower_bound":2245001.1171130287,"upper_bound":8359435.649362778},"point_estimate":5532220.086269963,"standard_error":1818984.409653615}}