{"mean":{"confidence_interval":{"confidence_level":0.95,"lower_bound":675.8727734670372,"upper_bound":684.2497740474951},"point_estimate":679.7494032745433,"standard_error":2.1472123418330953},"median":{"confidence_interval":{"confidence_level":0.95,"lower_bound":672.8342204060484,"upper_bound":684.0088932592209},"point_estimate":678.4620840526139,"standard_error":3.1263307063775296},"median_abs_dev":{"confidence_interval":{"confidence_level":0.95,"lower_bound":2.9303446894599525,"upper_bound":13.26711887516637},"point_estimate":9.223623951373463,"standard_error":2.605754109236848},"slope":{"confidence_interval":{"confidence_level":0.95,"lower_bound":673.9852745240551,"upper_bound":680.8955919403708},"point_estimate":677.2744609561274,"standard_error":1.782776702286594},"std_dev":{"confidence_interval":{"confidence_level":0.95,"lower_bound":5.4257418669020065,"upper_bound":13.126508066753336},"point_estimate":9.846484325452398,"standard_error":2.047537941664406}}