{"mean":{"confidence_interval":{"confidence_level":0.95,"lower_bound":14.683946527546867,"upper_bound":14.794684303024956},"point_estimate":14.739377016992975,"standard_error":0.028251415221221807},"median":{"confidence_interval":{"confidence_level":0.95,"lower_bound":14.702014718763065,"upper_bound":14.798260054140517},"point_estimate":14.7411322462532,"standard_error":0.022574529469405913},"median_abs_dev":{"confidence_interval":{"confidence_level":0.95,"lower_bound":0.037179342213013805,"upper_bound":0.1672962779941255},"point_estimate":0.11481048473636869,"standard_error":0.034642614123251786},"slope":{"confidence_interval":{"confidence_level":0.95,"lower_bound":14.687468813157544,"upper_bound":14.806677723880542},"point_estimate":14.745102894282354,"standard_error":0.030417092926891525},"std_dev":{"confidence_interval":{"confidence_level":0.95,"lower_bound":0.07755888986755982,"upper_bound":0.16891304074027275},"point_estimate":0.1294738354713675,"standard_error":0.023280062963136002}}