{"mean":{"confidence_interval":{"confidence_level":0.95,"lower_bound":13574575.078575278,"upper_bound":14108869.734712759},"point_estimate":13826326.295721743,"standard_error":136934.8033596503},"median":{"confidence_interval":{"confidence_level":0.95,"lower_bound":13483359.382231405,"upper_bound":13924640.483522728},"point_estimate":13616375.845959596,"standard_error":121384.0113108981},"median_abs_dev":{"confidence_interval":{"confidence_level":0.95,"lower_bound":149491.1941982055,"upper_bound":862595.8115663171},"point_estimate":401068.9140608534,"standard_error":178415.66205196985},"slope":{"confidence_interval":{"confidence_level":0.95,"lower_bound":13585620.293888073,"upper_bound":14149409.349459343},"point_estimate":13857690.691669306,"standard_error":144895.8582458364},"std_dev":{"confidence_interval":{"confidence_level":0.95,"lower_bound":373368.02428475866,"upper_bound":797441.631300105},"point_estimate":627144.3093933911,"standard_error":109114.84707275064}}