{"mean":{"confidence_interval":{"confidence_level":0.95,"lower_bound":-0.0040045680571487155,"upper_bound":0.007433630231026081},"point_estimate":0.0017656939386283543,"standard_error":0.002984443516618189},"median":{"confidence_interval":{"confidence_level":0.95,"lower_bound":-0.007013200986301316,"upper_bound":0.009140072858701616},"point_estimate":0.004615423600684121,"standard_error":0.004313194603678263}}