{"mean":{"confidence_interval":{"confidence_level":0.95,"lower_bound":31238.020200007744,"upper_bound":33445.510773259455},"point_estimate":32343.638036958786,"standard_error":564.9606547502553},"median":{"confidence_interval":{"confidence_level":0.95,"lower_bound":31152.233566802228,"upper_bound":33664.44349890112},"point_estimate":32499.738700902868,"standard_error":754.3801628055267},"median_abs_dev":{"confidence_interval":{"confidence_level":0.95,"lower_bound":1291.4088101677814,"upper_bound":4444.7740200668195},"point_estimate":2339.6490042051328,"standard_error":764.5241542036594},"slope":{"confidence_interval":{"confidence_level":0.95,"lower_bound":32196.746937027176,"upper_bound":33616.08830345028},"point_estimate":32872.75080699887,"standard_error":360.91736703278804},"std_dev":{"confidence_interval":{"confidence_level":0.95,"lower_bound":1835.4183273456626,"upper_bound":3140.7050131517376},"point_estimate":2590.0849916729976,"standard_error":333.10678343352663}}