{"mean":{"confidence_interval":{"confidence_level":0.95,"lower_bound":13969.37318633272,"upper_bound":15430.394753941073},"point_estimate":14704.927407768668,"standard_error":374.06890412243274},"median":{"confidence_interval":{"confidence_level":0.95,"lower_bound":13542.803132968276,"upper_bound":15749.151572836807},"point_estimate":14880.571526441818,"standard_error":531.8708689014501},"median_abs_dev":{"confidence_interval":{"confidence_level":0.95,"lower_bound":912.0168090581711,"upper_bound":2593.0591775199705},"point_estimate":1983.3753849519208,"standard_error":466.0524477577184},"slope":{"confidence_interval":{"confidence_level":0.95,"lower_bound":14157.68033926009,"upper_bound":15719.95292245342},"point_estimate":14910.336741593961,"standard_error":399.3417897447715},"std_dev":{"confidence_interval":{"confidence_level":0.95,"lower_bound":1206.6291522556683,"upper_bound":2103.29850214388},"point_estimate":1719.978319913807,"standard_error":229.11123904992127}}