{"mean":{"confidence_interval":{"confidence_level":0.95,"lower_bound":18294.82951837764,"upper_bound":19384.441201300215},"point_estimate":18871.580930133136,"standard_error":278.1202698091791},"median":{"confidence_interval":{"confidence_level":0.95,"lower_bound":18320.227066014122,"upper_bound":19570.880052476878},"point_estimate":19085.395622895623,"standard_error":315.59579589711734},"median_abs_dev":{"confidence_interval":{"confidence_level":0.95,"lower_bound":526.3572467587516,"upper_bound":1740.4106092331801},"point_estimate":1149.1914422845985,"standard_error":315.6587802449838},"slope":{"confidence_interval":{"confidence_level":0.95,"lower_bound":18623.731639850535,"upper_bound":19733.903844692803},"point_estimate":19209.203236475016,"standard_error":285.34309110556933},"std_dev":{"confidence_interval":{"confidence_level":0.95,"lower_bound":760.982383855233,"upper_bound":1729.2816362453086},"point_estimate":1275.4876952371894,"standard_error":264.1767846748174}}