{"mean":{"confidence_interval":{"confidence_level":0.95,"lower_bound":138566300.4263166,"upper_bound":139537293.93040237},"point_estimate":139053704.03908116,"standard_error":248460.6137105457},"median":{"confidence_interval":{"confidence_level":0.95,"lower_bound":138509473.709375,"upper_bound":139555405.88450292},"point_estimate":139126616.09790212,"standard_error":233056.29618136445},"median_abs_dev":{"confidence_interval":{"confidence_level":0.95,"lower_bound":390292.7333432921,"upper_bound":2082950.1422004087},"point_estimate":914975.2889862572,"standard_error":434293.0770212649},"slope":{"confidence_interval":{"confidence_level":0.95,"lower_bound":138719688.74449825,"upper_bound":139689353.78220886},"point_estimate":139188901.47369337,"standard_error":250889.48569944646},"std_dev":{"confidence_interval":{"confidence_level":0.95,"lower_bound":793847.1207938567,"upper_bound":1388789.886731502},"point_estimate":1141590.8064916006,"standard_error":152037.82373852746}}