{"mean":{"confidence_interval":{"confidence_level":0.95,"lower_bound":1274164.8561186243,"upper_bound":1284851.1830058994},"point_estimate":1279618.4747526613,"standard_error":2725.7085691700854},"median":{"confidence_interval":{"confidence_level":0.95,"lower_bound":1271128.6825657894,"upper_bound":1287530.203624871},"point_estimate":1281082.275497356,"standard_error":3955.749884652165},"median_abs_dev":{"confidence_interval":{"confidence_level":0.95,"lower_bound":6701.407403495887,"upper_bound":19266.51522004415},"point_estimate":14757.196618347922,"standard_error":3227.953402768672},"slope":{"confidence_interval":{"confidence_level":0.95,"lower_bound":1273623.7497814223,"upper_bound":1286630.4796394962},"point_estimate":1279953.3970016504,"standard_error":3330.462810109324},"std_dev":{"confidence_interval":{"confidence_level":0.95,"lower_bound":8789.662095948486,"upper_bound":15434.328051042212},"point_estimate":12560.960520491417,"standard_error":1706.9032998276552}}