{"mean":{"confidence_interval":{"confidence_level":0.95,"lower_bound":23810802.43334871,"upper_bound":25221837.613183808},"point_estimate":24470265.230740264,"standard_error":362787.4896613971},"median":{"confidence_interval":{"confidence_level":0.95,"lower_bound":23225620.008333333,"upper_bound":24713320.927083336},"point_estimate":24096759.472222224,"standard_error":437961.3606847814},"median_abs_dev":{"confidence_interval":{"confidence_level":0.95,"lower_bound":380588.7382482022,"upper_bound":2249945.59556548},"point_estimate":1357188.2380200918,"standard_error":497309.29725754},"slope":{"confidence_interval":{"confidence_level":0.95,"lower_bound":24214245.55272857,"upper_bound":26484117.13240434},"point_estimate":25390742.60034843,"standard_error":581273.7311599633},"std_dev":{"confidence_interval":{"confidence_level":0.95,"lower_bound":900350.5913465929,"upper_bound":2130735.5712435404},"point_estimate":1670623.9431558196,"standard_error":312417.34355229384}}