{"mean":{"confidence_interval":{"confidence_level":0.95,"lower_bound":535517.1481094933,"upper_bound":540654.1854087217},"point_estimate":538015.7193458332,"standard_error":1316.910163070757},"median":{"confidence_interval":{"confidence_level":0.95,"lower_bound":535101.6603932584,"upper_bound":540459.6841448189},"point_estimate":537804.988670412,"standard_error":1356.5203641356304},"median_abs_dev":{"confidence_interval":{"confidence_level":0.95,"lower_bound":2523.227941299198,"upper_bound":7561.274858344787},"point_estimate":5048.126851872052,"standard_error":1307.1957757585892},"slope":{"confidence_interval":{"confidence_level":0.95,"lower_bound":536078.7261576443,"upper_bound":539857.4810679435},"point_estimate":537854.9582116432,"standard_error":971.8702104031381},"std_dev":{"confidence_interval":{"confidence_level":0.95,"lower_bound":3514.266324365773,"upper_bound":8014.1553930507325},"point_estimate":6013.30481241935,"standard_error":1164.2447524548863}}