{"mean":{"confidence_interval":{"confidence_level":0.95,"lower_bound":-0.008128306043466954,"upper_bound":0.006110313859502008},"point_estimate":-0.0015592900774842322,"standard_error":0.003629892755988067},"median":{"confidence_interval":{"confidence_level":0.95,"lower_bound":-0.010228874356439488,"upper_bound":0.00970154947089874},"point_estimate":-0.007324261913796426,"standard_error":0.006052880220203496}}