{"mean":{"confidence_interval":{"confidence_level":0.95,"lower_bound":50156843.12117475,"upper_bound":53965508.1014565},"point_estimate":51908113.87233416,"standard_error":975354.0951129502},"median":{"confidence_interval":{"confidence_level":0.95,"lower_bound":49255737.8592437,"upper_bound":51836840.96666667},"point_estimate":50411860.98245614,"standard_error":734326.387112264},"median_abs_dev":{"confidence_interval":{"confidence_level":0.95,"lower_bound":1282455.7547080023,"upper_bound":4677473.0123699205},"point_estimate":2546560.2836356736,"standard_error":884357.3980664634},"slope":{"confidence_interval":{"confidence_level":0.95,"lower_bound":49491317.55350925,"upper_bound":50962631.63403192},"point_estimate":50228574.697444834,"standard_error":375070.7231160306},"std_dev":{"confidence_interval":{"confidence_level":0.95,"lower_bound":1963750.9241944232,"upper_bound":5827426.796125674},"point_estimate":4477324.185748902,"standard_error":944155.9055282274}}