{"mean":{"confidence_interval":{"confidence_level":0.95,"lower_bound":30864.06945958068,"upper_bound":31749.314430032846},"point_estimate":31322.214164383913,"standard_error":225.5566760441461},"median":{"confidence_interval":{"confidence_level":0.95,"lower_bound":31142.212504683903,"upper_bound":31876.45201809325},"point_estimate":31518.588291579683,"standard_error":216.94546693187957},"median_abs_dev":{"confidence_interval":{"confidence_level":0.95,"lower_bound":388.7145163070095,"upper_bound":1761.891618631847},"point_estimate":692.706534622663,"standard_error":354.2943319435183},"slope":{"confidence_interval":{"confidence_level":0.95,"lower_bound":30321.576262575607,"upper_bound":31595.338443695473},"point_estimate":30923.02464750654,"standard_error":326.53538366743504},"std_dev":{"confidence_interval":{"confidence_level":0.95,"lower_bound":665.55329087854,"upper_bound":1259.486415195758},"point_estimate":1030.535430789313,"standard_error":150.8417303502362}}