{"mean":{"confidence_interval":{"confidence_level":0.95,"lower_bound":543013295.13625,"upper_bound":551497952.6},"point_estimate":546863583.8,"standard_error":2187975.2503122482},"median":{"confidence_interval":{"confidence_level":0.95,"lower_bound":542072926.0,"upper_bound":551932968.0},"point_estimate":544975436.75,"standard_error":1981109.3617832584},"median_abs_dev":{"confidence_interval":{"confidence_level":0.95,"lower_bound":424132.1929201484,"upper_bound":10355287.3451069},"point_estimate":3889887.172740698,"standard_error":2465501.6055010315},"slope":null,"std_dev":{"confidence_interval":{"confidence_level":0.95,"lower_bound":2199177.176583384,"upper_bound":9319826.183783611},"point_estimate":7265337.841946107,"standard_error":1876536.967780972}}