{"mean":{"confidence_interval":{"confidence_level":0.95,"lower_bound":1051710105.15,"upper_bound":1104293341.625},"point_estimate":1076598960.375,"standard_error":13469524.195469944},"median":{"confidence_interval":{"confidence_level":0.95,"lower_bound":1039892270.75,"upper_bound":1086255395.75},"point_estimate":1060737750.0,"standard_error":11658581.18483523},"median_abs_dev":{"confidence_interval":{"confidence_level":0.95,"lower_bound":19880075.187908113,"upper_bound":79746380.93901873},"point_estimate":40030585.13596505,"standard_error":14721847.425465925},"slope":null,"std_dev":{"confidence_interval":{"confidence_level":0.95,"lower_bound":35089078.07285301,"upper_bound":78511995.23336557},"point_estimate":61797229.3130227,"standard_error":10959466.944029585}}