{"mean":{"confidence_interval":{"confidence_level":0.95,"lower_bound":496.1203377142368,"upper_bound":509.8059288189685},"point_estimate":502.7230819541593,"standard_error":3.487835206860189},"median":{"confidence_interval":{"confidence_level":0.95,"lower_bound":493.91136546994755,"upper_bound":510.7146944566015},"point_estimate":503.19050020169425,"standard_error":4.117619236455487},"median_abs_dev":{"confidence_interval":{"confidence_level":0.95,"lower_bound":0.9622272018602342,"upper_bound":19.653837023573455},"point_estimate":11.872823294879092,"standard_error":4.92376963179802},"slope":{"confidence_interval":{"confidence_level":0.95,"lower_bound":494.7185016847852,"upper_bound":514.5729438643259},"point_estimate":503.94169182593953,"standard_error":5.257819763770648},"std_dev":{"confidence_interval":{"confidence_level":0.95,"lower_bound":5.561820144084685,"upper_bound":15.120616199236832},"point_estimate":11.563824183770416,"standard_error":2.4298263756990153}}