{"mean":{"confidence_interval":{"confidence_level":0.95,"lower_bound":-0.0012059592989395083,"upper_bound":0.010305764683465333},"point_estimate":0.004600251709457881,"standard_error":0.0029214704009655657},"median":{"confidence_interval":{"confidence_level":0.95,"lower_bound":-0.002789364634869229,"upper_bound":0.012805940339652544},"point_estimate":0.003432358512155398,"standard_error":0.0037349154314716107}}