{"mean":{"confidence_interval":{"confidence_level":0.95,"lower_bound":-0.001889395333843077,"upper_bound":0.0022174840161162494},"point_estimate":0.00017651773180160646,"standard_error":0.0010439737879057432},"median":{"confidence_interval":{"confidence_level":0.95,"lower_bound":-0.0015449491579310193,"upper_bound":0.0019884262932483576},"point_estimate":-0.00026093627194356817,"standard_error":0.0009336232781733774}}