{"mean":{"confidence_interval":{"confidence_level":0.95,"lower_bound":-0.05916766827906852,"upper_bound":-0.001851164370879705},"point_estimate":-0.02427119811713796,"standard_error":0.0160656274608015},"median":{"confidence_interval":{"confidence_level":0.95,"lower_bound":-0.023563684821233943,"upper_bound":-0.002084914516957581},"point_estimate":-0.009187197137378034,"standard_error":0.006202633802714406}}