{"mean":{"confidence_interval":{"confidence_level":0.95,"lower_bound":6078372.737306548,"upper_bound":6174401.186917989},"point_estimate":6126905.9857513225,"standard_error":24669.853530990535},"median":{"confidence_interval":{"confidence_level":0.95,"lower_bound":6064143.556666667,"upper_bound":6216429.266666667},"point_estimate":6130494.891071429,"standard_error":35129.892323767825},"median_abs_dev":{"confidence_interval":{"confidence_level":0.95,"lower_bound":17228.300403025743,"upper_bound":142154.4987097531},"point_estimate":107734.07842233768,"standard_error":34083.834827228406},"slope":{"confidence_interval":{"confidence_level":0.95,"lower_bound":6084729.438483146,"upper_bound":6197416.712027815},"point_estimate":6140249.753506494,"standard_error":28912.811664675814},"std_dev":{"confidence_interval":{"confidence_level":0.95,"lower_bound":48710.188687253336,"upper_bound":102364.25572143176},"point_estimate":82503.98513697679,"standard_error":13874.021562642514}}