{"mean":{"confidence_interval":{"confidence_level":0.95,"lower_bound":1024621.2357552024,"upper_bound":1051325.739004749},"point_estimate":1037534.7799590242,"standard_error":6830.099566325399},"median":{"confidence_interval":{"confidence_level":0.95,"lower_bound":1015802.4119710077,"upper_bound":1051291.666755319},"point_estimate":1034191.9499374218,"standard_error":9999.512434748573},"median_abs_dev":{"confidence_interval":{"confidence_level":0.95,"lower_bound":16610.982052454176,"upper_bound":52123.909552697674},"point_estimate":31267.041304023496,"standard_error":8863.4891241671},"slope":{"confidence_interval":{"confidence_level":0.95,"lower_bound":1022450.6277400028,"upper_bound":1047978.8007197871},"point_estimate":1036675.3047544913,"standard_error":6527.377100282767},"std_dev":{"confidence_interval":{"confidence_level":0.95,"lower_bound":21599.935476101775,"upper_bound":37920.962914143216},"point_estimate":31426.556554409573,"standard_error":4157.827054881258}}