{"mean":{"confidence_interval":{"confidence_level":0.95,"lower_bound":672442580.3762499,"upper_bound":701012840.8},"point_estimate":686475664.9,"standard_error":7371429.456319793},"median":{"confidence_interval":{"confidence_level":0.95,"lower_bound":661648963.5,"upper_bound":709621385.5},"point_estimate":684420602.5,"standard_error":15085486.362880258},"median_abs_dev":{"confidence_interval":{"confidence_level":0.95,"lower_bound":1836654.4842928648,"upper_bound":37323132.59948194},"point_estimate":34177100.67463517,"standard_error":11584082.062284451},"slope":null,"std_dev":{"confidence_interval":{"confidence_level":0.95,"lower_bound":16271556.527554663,"upper_bound":28249823.821080178},"point_estimate":24575439.535770968,"standard_error":3059142.455608372}}