{"mean":{"confidence_interval":{"confidence_level":0.95,"lower_bound":181520795.04875,"upper_bound":182762856.95083332},"point_estimate":182162351.65,"standard_error":316774.08441369265},"median":{"confidence_interval":{"confidence_level":0.95,"lower_bound":181631901.6666667,"upper_bound":182969968.16666666},"point_estimate":182101459.5,"standard_error":476412.9526956213},"median_abs_dev":{"confidence_interval":{"confidence_level":0.95,"lower_bound":668487.0311319976,"upper_bound":2064441.638448849},"point_estimate":1353282.4148744345,"standard_error":369056.0648589966},"slope":null,"std_dev":{"confidence_interval":{"confidence_level":0.95,"lower_bound":939070.4250593117,"upper_bound":1876874.2987675497},"point_estimate":1457460.4020408448,"standard_error":246108.84846096789}}