{"mean":{"confidence_interval":{"confidence_level":0.95,"lower_bound":881.5931399896292,"upper_bound":897.035120448216},"point_estimate":889.0825145108583,"standard_error":3.9363752705801085},"median":{"confidence_interval":{"confidence_level":0.95,"lower_bound":879.4495740525674,"upper_bound":894.0010051039467},"point_estimate":882.9320899213735,"standard_error":4.55932914283404},"median_abs_dev":{"confidence_interval":{"confidence_level":0.95,"lower_bound":6.423175884747472,"upper_bound":29.949680697072914},"point_estimate":14.03924914387301,"standard_error":5.968427859889986},"slope":{"confidence_interval":{"confidence_level":0.95,"lower_bound":875.5255779115219,"upper_bound":888.8255047686122},"point_estimate":881.5520009381037,"standard_error":3.3617985603815232},"std_dev":{"confidence_interval":{"confidence_level":0.95,"lower_bound":12.466578171938833,"upper_bound":21.44322651255775},"point_estimate":18.00151557604012,"standard_error":2.273715009339955}}