{"mean":{"confidence_interval":{"confidence_level":0.95,"lower_bound":-0.1470919973467256,"upper_bound":-0.044969453232816876},"point_estimate":-0.09858727386434285,"standard_error":0.02595886588568692},"median":{"confidence_interval":{"confidence_level":0.95,"lower_bound":-0.15318910287029186,"upper_bound":-0.05152153115857605},"point_estimate":-0.11460028475063555,"standard_error":0.025650702707481474}}