{"mean":{"confidence_interval":{"confidence_level":0.95,"lower_bound":0.01140313595771182,"upper_bound":0.020782907813532717},"point_estimate":0.016045156469063127,"standard_error":0.002381097227235992},"median":{"confidence_interval":{"confidence_level":0.95,"lower_bound":0.009593282593707952,"upper_bound":0.02193935880258535},"point_estimate":0.015089723176888503,"standard_error":0.0034276726016633295}}