{"mean":{"confidence_interval":{"confidence_level":0.95,"lower_bound":22104509.166799057,"upper_bound":22318791.643321067},"point_estimate":22208140.97905185,"standard_error":54693.49140031052},"median":{"confidence_interval":{"confidence_level":0.95,"lower_bound":22079917.731746033,"upper_bound":22284573.67218045},"point_estimate":22156829.88265306,"standard_error":56433.57386807336},"median_abs_dev":{"confidence_interval":{"confidence_level":0.95,"lower_bound":85005.0524090396,"upper_bound":392991.95606299717},"point_estimate":254912.8608691283,"standard_error":78636.36685222118},"slope":{"confidence_interval":{"confidence_level":0.95,"lower_bound":22080255.83317046,"upper_bound":22267931.07846633},"point_estimate":22175559.59238427,"standard_error":47890.2619164905},"std_dev":{"confidence_interval":{"confidence_level":0.95,"lower_bound":168034.70385436396,"upper_bound":304594.6888927198},"point_estimate":250623.2454464395,"standard_error":34781.89492935541}}