{"mean":{"confidence_interval":{"confidence_level":0.95,"lower_bound":20466.757822824628,"upper_bound":21216.25073297318},"point_estimate":20812.23252765828,"standard_error":192.08170108763932},"median":{"confidence_interval":{"confidence_level":0.95,"lower_bound":20437.711556254624,"upper_bound":20955.96606937248},"point_estimate":20700.600785297927,"standard_error":158.88087791392576},"median_abs_dev":{"confidence_interval":{"confidence_level":0.95,"lower_bound":275.3072443027314,"upper_bound":1054.5868505014669},"point_estimate":502.607946434909,"standard_error":212.39930813133006},"slope":{"confidence_interval":{"confidence_level":0.95,"lower_bound":20138.56665284135,"upper_bound":20742.10516917293},"point_estimate":20405.309928658688,"standard_error":153.36482509528312},"std_dev":{"confidence_interval":{"confidence_level":0.95,"lower_bound":452.13199615143367,"upper_bound":1237.0018528336236},"point_estimate":878.9260147531049,"standard_error":214.05515464604562}}