{"mean":{"confidence_interval":{"confidence_level":0.95,"lower_bound":624021281.115,"upper_bound":661254158.125},"point_estimate":643048568.65,"standard_error":9548033.314601764},"median":{"confidence_interval":{"confidence_level":0.95,"lower_bound":614828364.25,"upper_bound":667271465.5},"point_estimate":646855776.5,"standard_error":12343793.610844387},"median_abs_dev":{"confidence_interval":{"confidence_level":0.95,"lower_bound":9726633.451017737,"upper_bound":57915899.89578724},"point_estimate":29251092.579889297,"standard_error":12600523.381121911},"slope":null,"std_dev":{"confidence_interval":{"confidence_level":0.95,"lower_bound":17327348.158744074,"upper_bound":39727119.54672863},"point_estimate":31845048.05340417,"standard_error":5704217.078205874}}