{"mean":{"confidence_interval":{"confidence_level":0.95,"lower_bound":504331717.63,"upper_bound":536680031.6975},"point_estimate":520174182.0,"standard_error":8328847.938551116},"median":{"confidence_interval":{"confidence_level":0.95,"lower_bound":492042093.25,"upper_bound":564338160.75},"point_estimate":495449584.25,"standard_error":17552903.559791714},"median_abs_dev":{"confidence_interval":{"confidence_level":0.95,"lower_bound":4474696.508458257,"upper_bound":57694982.12150931},"point_estimate":10608086.207918823,"standard_error":12618436.688504394},"slope":null,"std_dev":{"confidence_interval":{"confidence_level":0.95,"lower_bound":28301900.211026978,"upper_bound":41518598.0706659},"point_estimate":38238538.06671735,"standard_error":3420853.1610665964}}