{"mean":{"confidence_interval":{"confidence_level":0.95,"lower_bound":229968709.02767923,"upper_bound":240119780.12482578},"point_estimate":234357800.569407,"standard_error":2623869.4582850835},"median":{"confidence_interval":{"confidence_level":0.95,"lower_bound":228198494.74561405,"upper_bound":232681201.4},"point_estimate":230245929.5128205,"standard_error":1293165.5024428435},"median_abs_dev":{"confidence_interval":{"confidence_level":0.95,"lower_bound":2056937.4456767733,"upper_bound":7911035.309336323},"point_estimate":4395628.983172313,"standard_error":1556376.5622020345},"slope":{"confidence_interval":{"confidence_level":0.95,"lower_bound":230481629.13999918,"upper_bound":243484439.57380217},"point_estimate":235705011.25505227,"standard_error":3374822.9052008814},"std_dev":{"confidence_interval":{"confidence_level":0.95,"lower_bound":3336119.5829932634,"upper_bound":17429323.429069784},"point_estimate":12028558.22218336,"standard_error":3776963.123131611}}