{"mean":{"confidence_interval":{"confidence_level":0.95,"lower_bound":219.80367924145327,"upper_bound":222.48513066600725},"point_estimate":221.1670478853532,"standard_error":0.6865406947907443},"median":{"confidence_interval":{"confidence_level":0.95,"lower_bound":219.88733432741338,"upper_bound":223.4024412247939},"point_estimate":220.99338369896753,"standard_error":0.9764824106793004},"median_abs_dev":{"confidence_interval":{"confidence_level":0.95,"lower_bound":1.3517201648469683,"upper_bound":5.763172793985476},"point_estimate":3.7275354926668016,"standard_error":1.1751656399217898},"slope":{"confidence_interval":{"confidence_level":0.95,"lower_bound":221.18302236450205,"upper_bound":223.4114646417353},"point_estimate":222.39816313423825,"standard_error":0.5659852636526034},"std_dev":{"confidence_interval":{"confidence_level":0.95,"lower_bound":2.2964233361338997,"upper_bound":3.7111183878375833},"point_estimate":3.149869491457538,"standard_error":0.3615189544378594}}