{"mean":{"confidence_interval":{"confidence_level":0.95,"lower_bound":33558.99192255224,"upper_bound":34833.06954931857},"point_estimate":34208.33455481148,"standard_error":325.2336865882144},"median":{"confidence_interval":{"confidence_level":0.95,"lower_bound":33584.107156675156,"upper_bound":35255.26843088347},"point_estimate":34271.76139081559,"standard_error":426.7545755655199},"median_abs_dev":{"confidence_interval":{"confidence_level":0.95,"lower_bound":757.3185463460737,"upper_bound":2293.160395144154},"point_estimate":1674.8313000194546,"standard_error":392.9007320295509},"slope":{"confidence_interval":{"confidence_level":0.95,"lower_bound":33205.40002885342,"upper_bound":34412.61224683332},"point_estimate":33787.253759624386,"standard_error":305.236453366194},"std_dev":{"confidence_interval":{"confidence_level":0.95,"lower_bound":1022.4180151090568,"upper_bound":1820.734431036794},"point_estimate":1491.4840143508195,"standard_error":204.2694027084714}}