{"mean":{"confidence_interval":{"confidence_level":0.95,"lower_bound":0.03610291679395908,"upper_bound":0.13857958875598314},"point_estimate":0.0870216736961602,"standard_error":0.027809847170874407},"median":{"confidence_interval":{"confidence_level":0.95,"lower_bound":0.0235237249623359,"upper_bound":0.07264483636254626},"point_estimate":0.0505456250284575,"standard_error":0.02225248931233475}}