{"mean":{"confidence_interval":{"confidence_level":0.95,"lower_bound":23048366.190179043,"upper_bound":23211290.91042209},"point_estimate":23133449.845772028,"standard_error":41630.11561223868},"median":{"confidence_interval":{"confidence_level":0.95,"lower_bound":23061177.03007519,"upper_bound":23243562.300824177},"point_estimate":23151002.016581632,"standard_error":55179.808420240166},"median_abs_dev":{"confidence_interval":{"confidence_level":0.95,"lower_bound":87478.8055244443,"upper_bound":269271.9905697254},"point_estimate":164635.58176880144,"standard_error":45332.27327659481},"slope":{"confidence_interval":{"confidence_level":0.95,"lower_bound":23076176.235026788,"upper_bound":23259394.575800397},"point_estimate":23167042.633250374,"standard_error":47000.23947705286},"std_dev":{"confidence_interval":{"confidence_level":0.95,"lower_bound":119230.96225021753,"upper_bound":247306.06504166572},"point_estimate":190007.40219139456,"standard_error":33849.618278215225}}