{"mean":{"confidence_interval":{"confidence_level":0.95,"lower_bound":1020843854.08625,"upper_bound":1066149372.0912501},"point_estimate":1042982935.85,"standard_error":11620694.422169255},"median":{"confidence_interval":{"confidence_level":0.95,"lower_bound":1003005850.5,"upper_bound":1090107026.0},"point_estimate":1032584671.5,"standard_error":19413694.92084668},"median_abs_dev":{"confidence_interval":{"confidence_level":0.95,"lower_bound":24039714.383509755,"upper_bound":85898301.28490031},"point_estimate":63386221.590569615,"standard_error":17865287.10117332},"slope":null,"std_dev":{"confidence_interval":{"confidence_level":0.95,"lower_bound":40158354.00717541,"upper_bound":61729146.31808847},"point_estimate":53442603.52117371,"standard_error":5486350.780503848}}