{"mean":{"confidence_interval":{"confidence_level":0.95,"lower_bound":500532044.49375,"upper_bound":524106096.516875},"point_estimate":511804880.675,"standard_error":6015935.919723628},"median":{"confidence_interval":{"confidence_level":0.95,"lower_bound":496449588.375,"upper_bound":517652890.5},"point_estimate":507958531.25,"standard_error":6134221.458488341},"median_abs_dev":{"confidence_interval":{"confidence_level":0.95,"lower_bound":10687646.22900635,"upper_bound":38572131.52675778},"point_estimate":21311926.876437664,"standard_error":6799904.443033044},"slope":null,"std_dev":{"confidence_interval":{"confidence_level":0.95,"lower_bound":16241458.077816823,"upper_bound":34733787.56105706},"point_estimate":27609887.24808011,"standard_error":4646316.748820711}}