{"mean":{"confidence_interval":{"confidence_level":0.95,"lower_bound":886118.4710437398,"upper_bound":963314.6158182207},"point_estimate":922540.0011563573,"standard_error":19756.873988427455},"median":{"confidence_interval":{"confidence_level":0.95,"lower_bound":866480.2571078432,"upper_bound":937304.7622749307},"point_estimate":900434.44824953,"standard_error":17721.80168161472},"median_abs_dev":{"confidence_interval":{"confidence_level":0.95,"lower_bound":26384.672202055335,"upper_bound":122329.94985428582},"point_estimate":85358.94655840799,"standard_error":27101.56367455332},"slope":{"confidence_interval":{"confidence_level":0.95,"lower_bound":892546.3392678241,"upper_bound":952533.192370198},"point_estimate":923793.4854117,"standard_error":15244.953017449077},"std_dev":{"confidence_interval":{"confidence_level":0.95,"lower_bound":53441.98120573626,"upper_bound":113487.48675416382},"point_estimate":90738.5156304776,"standard_error":15128.721872327098}}