{"mean":{"confidence_interval":{"confidence_level":0.95,"lower_bound":11262674.955342064,"upper_bound":11363197.96727817},"point_estimate":11311942.703558577,"standard_error":25679.032980963766},"median":{"confidence_interval":{"confidence_level":0.95,"lower_bound":11251277.721794872,"upper_bound":11373305.412188914},"point_estimate":11287102.615384616,"standard_error":30931.497384373906},"median_abs_dev":{"confidence_interval":{"confidence_level":0.95,"lower_bound":47170.415768628896,"upper_bound":195489.6220969766},"point_estimate":140876.0215323162,"standard_error":38171.87274139848},"slope":{"confidence_interval":{"confidence_level":0.95,"lower_bound":11306476.059780832,"upper_bound":11412984.736984197},"point_estimate":11360194.180273386,"standard_error":27325.553756554764},"std_dev":{"confidence_interval":{"confidence_level":0.95,"lower_bound":83152.55544683358,"upper_bound":140491.78811003757},"point_estimate":117910.39174094042,"standard_error":14612.105480579134}}