{"mean":{"confidence_interval":{"confidence_level":0.95,"lower_bound":0.00021007555045603494,"upper_bound":0.0016544892550216619},"point_estimate":0.000954132449381806,"standard_error":0.0003685578471929292},"median":{"confidence_interval":{"confidence_level":0.95,"lower_bound":-0.000053877795966772446,"upper_bound":0.002016316831851439},"point_estimate":0.0009312394563920634,"standard_error":0.000536703977966083}}