{"mean":{"confidence_interval":{"confidence_level":0.95,"lower_bound":0.006148065559058387,"upper_bound":0.026033141267552413},"point_estimate":0.01681958782667503,"standard_error":0.005163091634704452},"median":{"confidence_interval":{"confidence_level":0.95,"lower_bound":0.007759403649018504,"upper_bound":0.030254637800786854},"point_estimate":0.022467679008422836,"standard_error":0.00570238383164686}}