{"mean":{"confidence_interval":{"confidence_level":0.95,"lower_bound":387612240.286875,"upper_bound":410955085.28968745},"point_estimate":398709125.0125,"standard_error":5970292.567973333},"median":{"confidence_interval":{"confidence_level":0.95,"lower_bound":380296911.5,"upper_bound":405317229.25},"point_estimate":391940963.625,"standard_error":7244211.364172438},"median_abs_dev":{"confidence_interval":{"confidence_level":0.95,"lower_bound":11926374.074314535,"upper_bound":39908826.98377669},"point_estimate":22412201.381903887,"standard_error":6932907.520432843},"slope":null,"std_dev":{"confidence_interval":{"confidence_level":0.95,"lower_bound":16707778.330213169,"upper_bound":34803969.8125717},"point_estimate":27379840.009169016,"standard_error":4654890.953520762}}